"filename", "language", "C++", "CMake Cache", "Makefile", "CMake", "C", "Log", "comment", "blank", "total"
"/home/lsk1804/server/server/lsk_muduo/Acceptor.cc", "C++", 62, 0, 0, 0, 0, 0, 0, 11, 73
"/home/lsk1804/server/server/lsk_muduo/Acceptor.h", "C++", 27, 0, 0, 0, 0, 0, 0, 8, 35
"/home/lsk1804/server/server/lsk_muduo/Buffer.cc", "C++", 39, 0, 0, 0, 0, 0, 0, 7, 46
"/home/lsk1804/server/server/lsk_muduo/Buffer.h", "C++", 107, 0, 0, 0, 0, 0, 0, 21, 128
"/home/lsk1804/server/server/lsk_muduo/CMakeLists.txt", "CMake", 0, 0, 0, 11, 0, 0, 0, 2, 13
"/home/lsk1804/server/server/lsk_muduo/Callbacks.h", "C++", 12, 0, 0, 0, 0, 0, 0, 3, 15
"/home/lsk1804/server/server/lsk_muduo/Channel.cc", "C++", 58, 0, 0, 0, 0, 0, 0, 18, 76
"/home/lsk1804/server/server/lsk_muduo/Channel.h", "C++", 52, 0, 0, 0, 0, 0, 0, 21, 73
"/home/lsk1804/server/server/lsk_muduo/CurrentThread.cc", "C++", 12, 0, 0, 0, 0, 0, 0, 2, 14
"/home/lsk1804/server/server/lsk_muduo/CurrentThread.h", "C++", 16, 0, 0, 0, 0, 0, 0, 5, 21
"/home/lsk1804/server/server/lsk_muduo/DefaultPoller.cc", "C++", 14, 0, 0, 0, 0, 0, 0, 3, 17
"/home/lsk1804/server/server/lsk_muduo/EPollPoller.cc", "C++", 121, 0, 0, 0, 0, 0, 0, 22, 143
"/home/lsk1804/server/server/lsk_muduo/EPollPoller.h", "C++", 22, 0, 0, 0, 0, 0, 0, 8, 30
"/home/lsk1804/server/server/lsk_muduo/EventLoop.cc", "C++", 154, 0, 0, 0, 0, 0, 0, 23, 177
"/home/lsk1804/server/server/lsk_muduo/EventLoop.h", "C++", 43, 0, 0, 0, 0, 0, 0, 20, 63
"/home/lsk1804/server/server/lsk_muduo/EventLoopThread.cc", "C++", 50, 0, 0, 0, 0, 0, 0, 11, 61
"/home/lsk1804/server/server/lsk_muduo/EventLoopThread.h", "C++", 25, 0, 0, 0, 0, 0, 0, 7, 32
"/home/lsk1804/server/server/lsk_muduo/EventLoopThreadPool.cc", "C++", 53, 0, 0, 0, 0, 0, 0, 13, 66
"/home/lsk1804/server/server/lsk_muduo/EventLoopThreadPool.h", "C++", 29, 0, 0, 0, 0, 0, 0, 10, 39
"/home/lsk1804/server/server/lsk_muduo/InetAddress.cc", "C++", 29, 0, 0, 0, 0, 0, 0, 12, 41
"/home/lsk1804/server/server/lsk_muduo/InetAddress.h", "C++", 18, 0, 0, 0, 0, 0, 0, 5, 23
"/home/lsk1804/server/server/lsk_muduo/Logger.cc", "C++", 32, 0, 0, 0, 0, 0, 0, 7, 39
"/home/lsk1804/server/server/lsk_muduo/Logger.h", "C++", 60, 0, 0, 0, 0, 0, 3, 12, 75
"/home/lsk1804/server/server/lsk_muduo/Poller.cc", "C++", 11, 0, 0, 0, 0, 0, 0, 3, 14
"/home/lsk1804/server/server/lsk_muduo/Poller.h", "C++", 24, 0, 0, 0, 0, 0, 0, 10, 34
"/home/lsk1804/server/server/lsk_muduo/Socket.cc", "C++", 66, 0, 0, 0, 0, 0, 0, 15, 81
"/home/lsk1804/server/server/lsk_muduo/Socket.h", "C++", 22, 0, 0, 0, 0, 0, 0, 8, 30
"/home/lsk1804/server/server/lsk_muduo/TcpConnection.cc", "C++", 242, 0, 0, 0, 0, 0, 0, 26, 268
"/home/lsk1804/server/server/lsk_muduo/TcpConnection.h", "C++", 66, 0, 0, 0, 0, 0, 0, 24, 90
"/home/lsk1804/server/server/lsk_muduo/TcpServer.cc", "C++", 100, 0, 0, 0, 0, 0, 0, 20, 120
"/home/lsk1804/server/server/lsk_muduo/TcpServer.h", "C++", 52, 0, 0, 0, 0, 0, 0, 21, 73
"/home/lsk1804/server/server/lsk_muduo/Thread.cc", "C++", 47, 0, 0, 0, 0, 0, 0, 12, 59
"/home/lsk1804/server/server/lsk_muduo/Thread.h", "C++", 30, 0, 0, 0, 0, 0, 0, 9, 39
"/home/lsk1804/server/server/lsk_muduo/Timestamp.cc", "C++", 23, 0, 0, 0, 0, 0, 0, 7, 30
"/home/lsk1804/server/server/lsk_muduo/Timestamp.h", "C++", 13, 0, 0, 0, 0, 0, 0, 4, 17
"/home/lsk1804/server/server/lsk_muduo/build/CMakeCache.txt", "CMake Cache", 0, 280, 0, 0, 0, 0, 0, 64, 344
"/home/lsk1804/server/server/lsk_muduo/build/CMakeFiles/3.10.2/CMakeCCompiler.cmake", "CMake", 0, 0, 0, 57, 0, 0, 0, 17, 74
"/home/lsk1804/server/server/lsk_muduo/build/CMakeFiles/3.10.2/CMakeCXXCompiler.cmake", "CMake", 0, 0, 0, 59, 0, 0, 0, 17, 76
"/home/lsk1804/server/server/lsk_muduo/build/CMakeFiles/3.10.2/CMakeSystem.cmake", "CMake", 0, 0, 0, 10, 0, 0, 0, 6, 16
"/home/lsk1804/server/server/lsk_muduo/build/CMakeFiles/3.10.2/CompilerIdC/CMakeCCompilerId.c", "C", 0, 0, 0, 0, 449, 0, 51, 99, 599
"/home/lsk1804/server/server/lsk_muduo/build/CMakeFiles/3.10.2/CompilerIdCXX/CMakeCXXCompilerId.cpp", "C++", 427, 0, 0, 0, 0, 0, 53, 97, 577
"/home/lsk1804/server/server/lsk_muduo/build/CMakeFiles/CMakeDirectoryInformation.cmake", "CMake", 0, 0, 0, 12, 0, 0, 0, 5, 17
"/home/lsk1804/server/server/lsk_muduo/build/CMakeFiles/CMakeOutput.log", "Log", 0, 0, 0, 0, 0, 572, 0, 62, 634
"/home/lsk1804/server/server/lsk_muduo/build/CMakeFiles/Makefile.cmake", "CMake", 0, 0, 0, 113, 0, 0, 0, 6, 119
"/home/lsk1804/server/server/lsk_muduo/build/CMakeFiles/feature_tests.c", "C", 0, 0, 0, 0, 31, 0, 0, 4, 35
"/home/lsk1804/server/server/lsk_muduo/build/CMakeFiles/feature_tests.cxx", "C++", 402, 0, 0, 0, 0, 0, 0, 4, 406
"/home/lsk1804/server/server/lsk_muduo/build/CMakeFiles/mymuduo.dir/DependInfo.cmake", "CMake", 0, 0, 0, 33, 0, 0, 0, 4, 37
"/home/lsk1804/server/server/lsk_muduo/build/CMakeFiles/mymuduo.dir/cmake_clean.cmake", "CMake", 0, 0, 0, 25, 0, 0, 0, 2, 27
"/home/lsk1804/server/server/lsk_muduo/build/Makefile", "Makefile", 0, 0, 268, 0, 0, 0, 91, 96, 455
"/home/lsk1804/server/server/lsk_muduo/build/cmake_install.cmake", "CMake", 0, 0, 0, 42, 0, 0, 0, 8, 50
"/home/lsk1804/server/server/lsk_muduo/noncopyable.h", "C++", 10, 0, 0, 0, 0, 0, 2, 2, 14
"/home/lsk1804/server/server/lsk_muduo/test_muduo/muduo_server.cpp", "C++", 58, 0, 0, 0, 0, 0, 19, 13, 90
"Total", "-", 2628, 280, 268, 362, 480, 572, 219, 916, 5725